[
null,
{"id":1,"list":[{"code":111,"indent":0,"parameters":[0,4,0]},{"code":111,"indent":1,"parameters":[12,"$gameSystem._weatherData.mode != 1"]},{"code":356,"indent":2,"parameters":["weather : 1 : 40 : 0 : Leaf_01A"]},{"code":0,"indent":2,"parameters":[]},{"code":412,"indent":1,"parameters":[]},{"code":0,"indent":1,"parameters":[]},{"code":411,"indent":0,"parameters":[]},{"code":0,"indent":1,"parameters":[]},{"code":412,"indent":0,"parameters":[]},{"code":0,"indent":0,"parameters":[]}],"name":"Spring","switchId":36,"trigger":2},
{"id":2,"list":[{"code":111,"indent":0,"parameters":[0,4,0]},{"code":111,"indent":1,"parameters":[12,"$gameSystem._weatherData.mode != 15"]},{"code":356,"indent":2,"parameters":["weather : 15 : 30 : 0 : Cloud_01A"]},{"code":0,"indent":2,"parameters":[]},{"code":412,"indent":1,"parameters":[]},{"code":0,"indent":1,"parameters":[]},{"code":412,"indent":0,"parameters":[]},{"code":0,"indent":0,"parameters":[]}],"name":"Summer","switchId":37,"trigger":2},
{"id":3,"list":[{"code":111,"indent":0,"parameters":[0,4,0]},{"code":111,"indent":1,"parameters":[12,"$gameSystem._weatherData.mode != 0"]},{"code":356,"indent":2,"parameters":["weather : 0 : 40 : 0 : Leaf_02B"]},{"code":0,"indent":2,"parameters":[]},{"code":412,"indent":1,"parameters":[]},{"code":0,"indent":1,"parameters":[]},{"code":412,"indent":0,"parameters":[]},{"code":0,"indent":0,"parameters":[]}],"name":"Fall","switchId":38,"trigger":2},
{"id":4,"list":[{"code":111,"indent":0,"parameters":[0,4,0]},{"code":111,"indent":1,"parameters":[12,"$gameSystem._weatherData.mode != 10"]},{"code":356,"indent":2,"parameters":["weather : 10 : 60 : 0 : Light_01A"]},{"code":0,"indent":2,"parameters":[]},{"code":412,"indent":1,"parameters":[]},{"code":0,"indent":1,"parameters":[]},{"code":412,"indent":0,"parameters":[]},{"code":0,"indent":0,"parameters":[]}],"name":"Winter","switchId":39,"trigger":2}
]