[
null,
{"id":1,"expanded":false,"name":"Pick Up and Throw","order":15,"parentId":8,"scrollX":815,"scrollY":446.5},
{"id":2,"expanded":true,"name":"Particles","order":7,"parentId":8,"scrollX":819,"scrollY":453},
{"id":3,"expanded":false,"name":"Compass","order":2,"parentId":8,"scrollX":811,"scrollY":795},
{"id":4,"expanded":false,"name":"Time System","order":3,"parentId":8,"scrollX":819,"scrollY":453},
{"id":5,"expanded":true,"name":"Time System 2","order":4,"parentId":4,"scrollX":819,"scrollY":453},
{"id":6,"expanded":false,"name":"Event Sensor","order":5,"parentId":8,"scrollX":815,"scrollY":446.5},
{"id":7,"expanded":false,"name":"Weather EX","order":6,"parentId":8,"scrollX":811,"scrollY":674},
{"id":8,"expanded":false,"name":"Main","order":1,"parentId":0,"scrollX":451,"scrollY":453.5},
{"id":9,"expanded":false,"name":"Battle Plugins","order":8,"parentId":8,"scrollX":816,"scrollY":453},
{"id":10,"expanded":false,"name":"Animated Text","order":9,"parentId":8,"scrollX":815,"scrollY":446.5},
{"id":11,"expanded":false,"name":"Mini Games","order":10,"parentId":8,"scrollX":816,"scrollY":453},
{"id":12,"expanded":false,"name":"Character Effects","order":11,"parentId":8,"scrollX":819,"scrollY":453},
{"id":13,"expanded":false,"name":"Picture Effects","order":12,"parentId":8,"scrollX":819,"scrollY":453},
{"id":14,"expanded":false,"name":"Shatter Effects","order":13,"parentId":8,"scrollX":819,"scrollY":453},
{"id":15,"expanded":true,"name":"Pixi Filters","order":16,"parentId":8,"scrollX":816,"scrollY":448},
{"id":16,"expanded":false,"name":"Variable Huds","order":17,"parentId":8,"scrollX":815,"scrollY":446.5},
{"id":17,"expanded":true,"name":"FootSteps","order":14,"parentId":8,"scrollX":819,"scrollY":453},
{"id":18,"expanded":true,"name":"Event Indicators","order":18,"parentId":8,"scrollX":815,"scrollY":446.5}
]