[
null,
{"id":1,"animationId":1,"damage":{"critical":true,"elementId":-1,"formula":"a.atk * 4 - b.def * 2","type":1,"variance":20},"description":"Damages the enemy.","effects":[{"code":21,"dataId":0,"value1":1,"value2":0}],"hitType":1,"iconIndex":76,"message1":" attacks!","message2":"","mpCost":0,"name":"Attack","note":"Motion Action: 5\nDisable Name\nDisable Balloon Name\nChain Action: 20:1:60\n","occasion":1,"repeats":1,"requiredWtypeId1":0,"requiredWtypeId2":0,"scope":1,"speed":0,"stypeId":0,"successRate":100,"tpCost":0,"tpGain":10},
{"id":2,"animationId":0,"damage":{"critical":false,"elementId":0,"formula":"0","type":0,"variance":20},"description":"Protects user and reduces damage taken.","effects":[{"code":21,"dataId":2,"value1":1,"value2":0}],"hitType":0,"iconIndex":81,"message1":" guards.","message2":"","mpCost":0,"name":"Guard","note":"Disable Name","occasion":1,"repeats":1,"requiredWtypeId1":0,"requiredWtypeId2":0,"scope":11,"speed":2000,"stypeId":0,"successRate":100,"tpCost":0,"tpGain":10},
{"id":3,"animationId":1,"damage":{"critical":true,"elementId":-1,"formula":"a.atk * 4 - b.def * 2","type":1,"variance":20},"description":"Hits an enemy twice!","effects":[{"code":21,"dataId":0,"value1":1,"value2":0}],"hitType":1,"iconIndex":76,"message1":" attacks!","message2":"","mpCost":20,"name":"Dual Attack","note":"Ougi Animation: _Ougi\nChain Action: 4:4:60","occasion":1,"repeats":2,"requiredWtypeId1":0,"requiredWtypeId2":0,"scope":1,"speed":0,"stypeId":2,"successRate":100,"tpCost":0,"tpGain":5},
{"id":4,"animationId":-1,"damage":{"critical":true,"elementId":-1,"formula":"a.atk * 4 - b.def * 2","type":1,"variance":20},"description":"Attacks two random enemies.","effects":[{"code":21,"dataId":0,"value1":1,"value2":0}],"hitType":1,"iconIndex":76,"message1":" attacks!","message2":"","mpCost":0,"name":"Double Attack","note":"","occasion":1,"repeats":1,"requiredWtypeId1":0,"requiredWtypeId2":0,"scope":4,"speed":0,"stypeId":2,"successRate":100,"tpCost":0,"tpGain":5},
{"id":5,"animationId":-1,"damage":{"critical":true,"elementId":-1,"formula":"a.atk * 4 - b.def * 2","type":1,"variance":20},"description":"Attacks three random enemies.","effects":[{"code":21,"dataId":0,"value1":1,"value2":0}],"hitType":1,"iconIndex":76,"message1":" attacks!","message2":"","mpCost":0,"name":"Triple Attack","note":"","occasion":1,"repeats":1,"requiredWtypeId1":0,"requiredWtypeId2":0,"scope":5,"speed":0,"stypeId":2,"successRate":100,"tpCost":0,"tpGain":4},
{"id":6,"animationId":0,"damage":{"critical":false,"elementId":0,"formula":"0","type":0,"variance":20},"description":"Enemy action. Causes enemy to flee from battle.","effects":[{"code":41,"dataId":0,"value1":0,"value2":0}],"hitType":0,"iconIndex":82,"message1":" flees.","message2":"","mpCost":0,"name":"Escape","note":"","occasion":1,"repeats":1,"requiredWtypeId1":0,"requiredWtypeId2":0,"scope":11,"speed":0,"stypeId":0,"successRate":100,"tpCost":0,"tpGain":0},
{"id":7,"animationId":0,"damage":{"critical":false,"elementId":0,"formula":"0","type":0,"variance":20},"description":"Does nothing.","effects":[],"hitType":0,"iconIndex":81,"message1":" waits.","message2":"","mpCost":0,"name":"Wait","note":"","occasion":1,"repeats":1,"requiredWtypeId1":0,"requiredWtypeId2":0,"scope":0,"speed":0,"stypeId":0,"successRate":100,"tpCost":0,"tpGain":10},
{"id":8,"animationId":41,"damage":{"critical":false,"elementId":0,"formula":"200 + a.mat","type":3,"variance":20},"description":"Recovers HP.","effects":[],"hitType":0,"iconIndex":72,"message1":" casts %1!","message2":"","mpCost":5,"name":"Heal","note":"Chain Action: 17:4:60\n","occasion":0,"repeats":1,"requiredWtypeId1":0,"requiredWtypeId2":0,"scope":7,"speed":0,"stypeId":1,"successRate":100,"tpCost":0,"tpGain":10},
{"id":9,"animationId":66,"damage":{"critical":false,"elementId":2,"formula":"100 + a.mat * 2 - b.mdf * 2","type":1,"variance":20},"description":"Fire-elemental attack.","effects":[],"hitType":2,"iconIndex":64,"message1":" casts %1!","message2":"","mpCost":5,"name":"Fire","note":"Motion Action: 4\nChain Action: 24:4:40","occasion":1,"repeats":1,"requiredWtypeId1":0,"requiredWtypeId2":0,"scope":1,"speed":0,"stypeId":1,"successRate":100,"tpCost":0,"tpGain":10},
{"id":10,"animationId":78,"damage":{"critical":false,"elementId":4,"formula":"100 + a.mat * 2 - b.mdf * 2","type":1,"variance":20},"description":"Deals lightning damage to all enemies.","effects":[],"hitType":2,"iconIndex":66,"message1":" casts %1!","message2":"","mpCost":5,"name":"Spark","note":"Ougi Animation: _Ougi\n","occasion":1,"repeats":1,"requiredWtypeId1":0,"requiredWtypeId2":0,"scope":2,"speed":0,"stypeId":1,"successRate":100,"tpCost":0,"tpGain":10},
{"id":11,"animationId":1,"damage":{"critical":true,"elementId":-1,"formula":"a.atk * 4 - b.def * 2","type":1,"variance":20},"description":"Damages the enemy.","effects":[{"code":21,"dataId":0,"value1":1,"value2":0}],"hitType":1,"iconIndex":76,"message1":" attacks!","message2":"","mpCost":0,"name":"Attack 2","note":"Motion Action: 2\nDisable Name\nChain Action: 12:1:40","occasion":1,"repeats":1,"requiredWtypeId1":0,"requiredWtypeId2":0,"scope":1,"speed":0,"stypeId":0,"successRate":100,"tpCost":0,"tpGain":10},
{"id":12,"animationId":1,"damage":{"critical":true,"elementId":-1,"formula":"a.atk * 4 - b.def * 2","type":1,"variance":20},"description":"Damages the enemy.","effects":[{"code":21,"dataId":0,"value1":1,"value2":0}],"hitType":1,"iconIndex":76,"message1":" attacks!","message2":"","mpCost":0,"name":"Attack 3","note":"Motion Action: 3\nDisable Name\nChain Action: 13:1:40","occasion":1,"repeats":1,"requiredWtypeId1":0,"requiredWtypeId2":0,"scope":1,"speed":0,"stypeId":0,"successRate":100,"tpCost":0,"tpGain":10},
{"id":13,"animationId":1,"damage":{"critical":true,"elementId":-1,"formula":"a.atk * 4 - b.def * 2","type":1,"variance":20},"description":"Damages the enemy.","effects":[{"code":21,"dataId":0,"value1":1,"value2":0}],"hitType":1,"iconIndex":76,"message1":" attacks!","message2":"","mpCost":0,"name":"Attack 4","note":"Motion Action: 4\nDisable Name\nChain Action: 14:1:40","occasion":1,"repeats":1,"requiredWtypeId1":0,"requiredWtypeId2":0,"scope":1,"speed":0,"stypeId":0,"successRate":100,"tpCost":0,"tpGain":10},
{"id":14,"animationId":1,"damage":{"critical":true,"elementId":-1,"formula":"a.atk * 4 - b.def * 2","type":1,"variance":20},"description":"Damages the enemy.","effects":[{"code":21,"dataId":0,"value1":1,"value2":0}],"hitType":1,"iconIndex":76,"message1":" attacks!","message2":"","mpCost":0,"name":"Attack 5","note":"Motion Action: 5\nDisable Name","occasion":1,"repeats":1,"requiredWtypeId1":0,"requiredWtypeId2":0,"scope":1,"speed":0,"stypeId":0,"successRate":100,"tpCost":0,"tpGain":10},
{"id":15,"animationId":1,"damage":{"critical":true,"elementId":-1,"formula":"a.atk * 4 - b.def * 2","type":1,"variance":20},"description":"Damages the enemy.","effects":[{"code":21,"dataId":0,"value1":1,"value2":0}],"hitType":1,"iconIndex":76,"message1":" attacks!","message2":"","mpCost":0,"name":"Attack 6","note":"Motion Action: 6\nDisable Name","occasion":1,"repeats":1,"requiredWtypeId1":0,"requiredWtypeId2":0,"scope":1,"speed":0,"stypeId":0,"successRate":100,"tpCost":0,"tpGain":10},
{"id":16,"animationId":1,"damage":{"critical":true,"elementId":-1,"formula":"a.atk * 4 - b.def * 2","type":1,"variance":20},"description":"Damages the enemy.","effects":[{"code":21,"dataId":0,"value1":1,"value2":0}],"hitType":1,"iconIndex":76,"message1":" attacks!","message2":"","mpCost":0,"name":"Attack 7","note":"Motion Action: 7\nDisable Name","occasion":1,"repeats":1,"requiredWtypeId1":0,"requiredWtypeId2":0,"scope":1,"speed":0,"stypeId":0,"successRate":100,"tpCost":0,"tpGain":10},
{"id":17,"animationId":41,"damage":{"critical":false,"elementId":0,"formula":"200 + a.mat","type":3,"variance":20},"description":"Recovers all party members' HP","effects":[],"hitType":0,"iconIndex":72,"message1":" casts %1!","message2":"","mpCost":5,"name":"Heal All","note":"","occasion":0,"repeats":1,"requiredWtypeId1":0,"requiredWtypeId2":0,"scope":8,"speed":0,"stypeId":1,"successRate":100,"tpCost":0,"tpGain":10},
{"id":18,"animationId":27,"damage":{"critical":false,"elementId":2,"formula":"100 + a.mat * 2 - b.mdf * 2","type":0,"variance":20},"description":"Slices through enemies","effects":[{"code":21,"dataId":1,"value1":1,"value2":0}],"hitType":2,"iconIndex":122,"message1":" casts %1!","message2":"","mpCost":1,"name":"Odin","note":"Motion Action: 4\nOugi Animation: _Ougi\nCollapse Effect: 8","occasion":1,"repeats":1,"requiredWtypeId1":0,"requiredWtypeId2":0,"scope":2,"speed":2000,"stypeId":1,"successRate":100,"tpCost":0,"tpGain":10},
{"id":19,"animationId":65,"damage":{"critical":false,"elementId":2,"formula":"100 + a.mat * 2 - b.mdf * 2","type":0,"variance":20},"description":"Inflict Petrify on target. ","effects":[{"code":21,"dataId":1,"value1":1,"value2":0}],"hitType":2,"iconIndex":19,"message1":" casts %1!","message2":"","mpCost":1,"name":"Stone","note":"Motion Action: 4\nCollapse Effect: 10","occasion":1,"repeats":1,"requiredWtypeId1":0,"requiredWtypeId2":0,"scope":1,"speed":2000,"stypeId":1,"successRate":100,"tpCost":0,"tpGain":10},
{"id":20,"animationId":66,"damage":{"critical":false,"elementId":2,"formula":"25","type":1,"variance":20},"description":"Fire-elemental attack.","effects":[],"hitType":2,"iconIndex":64,"message1":" casts %1!","message2":"","mpCost":5,"name":"Fire Combo","note":"Chain Action: 21:2:45\nDisable Balloon Name","occasion":1,"repeats":1,"requiredWtypeId1":0,"requiredWtypeId2":0,"scope":1,"speed":0,"stypeId":1,"successRate":100,"tpCost":0,"tpGain":10},
{"id":21,"animationId":71,"damage":{"critical":false,"elementId":3,"formula":"30","type":1,"variance":20},"description":"Ice-elemental attack.","effects":[],"hitType":2,"iconIndex":65,"message1":" casts %1!","message2":"","mpCost":0,"name":"Ice Combo","note":"Chain Action: 22:3:35\nDisable Balloon Name","occasion":1,"repeats":1,"requiredWtypeId1":0,"requiredWtypeId2":0,"scope":1,"speed":0,"stypeId":1,"successRate":100,"tpCost":0,"tpGain":10},
{"id":22,"animationId":76,"damage":{"critical":false,"elementId":4,"formula":"40","type":1,"variance":20},"description":"Lightning-elemental attack.","effects":[],"hitType":2,"iconIndex":66,"message1":" casts %1!","message2":"","mpCost":0,"name":"Thunter Combo","note":"Disable Balloon Name","occasion":1,"repeats":1,"requiredWtypeId1":0,"requiredWtypeId2":0,"scope":1,"speed":0,"stypeId":1,"successRate":100,"tpCost":0,"tpGain":10},
{"id":23,"animationId":89,"damage":{"critical":false,"elementId":4,"formula":"100 + a.mat * 2 - b.mdf * 2","type":1,"variance":20},"description":"Deals lightning damage to all enemies.","effects":[],"hitType":2,"iconIndex":66,"message1":" casts %1!","message2":"","mpCost":5,"name":"Quake","note":"Motion Action: 4","occasion":1,"repeats":1,"requiredWtypeId1":0,"requiredWtypeId2":0,"scope":2,"speed":-1000,"stypeId":1,"successRate":100,"tpCost":0,"tpGain":10},
{"id":24,"animationId":68,"damage":{"critical":false,"elementId":2,"formula":"200 + a.mat * 2 - b.mdf * 2","type":1,"variance":0},"description":"Fire-elemental attack.","effects":[],"hitType":2,"iconIndex":64,"message1":" casts %1!","message2":"","mpCost":0,"name":"Blaze","note":"Motion Action: 4\nOugi Animation: _Ougi","occasion":1,"repeats":1,"requiredWtypeId1":0,"requiredWtypeId2":0,"scope":1,"speed":0,"stypeId":1,"successRate":100,"tpCost":0,"tpGain":10},
{"id":25,"animationId":122,"damage":{"critical":false,"elementId":7,"formula":"40 + a.mat * 2 - b.mdf * 2","type":1,"variance":20},"description":"Wind-elemental attack.","effects":[],"hitType":2,"iconIndex":69,"message1":" casts %1!","message2":"","mpCost":15,"name":"Tornado","note":"Flash Damage","occasion":1,"repeats":1,"requiredWtypeId1":0,"requiredWtypeId2":0,"scope":1,"speed":0,"stypeId":1,"successRate":100,"tpCost":0,"tpGain":10},
{"id":26,"animationId":123,"damage":{"critical":false,"elementId":2,"formula":"40 + a.mat * 2 - b.mdf * 2","type":1,"variance":20},"description":"Fire-elemental attack.","effects":[],"hitType":2,"iconIndex":64,"message1":" casts %1!","message2":"","mpCost":25,"name":"Fire Pillar","note":"Flash Damage","occasion":1,"repeats":1,"requiredWtypeId1":0,"requiredWtypeId2":0,"scope":1,"speed":0,"stypeId":1,"successRate":100,"tpCost":0,"tpGain":10},
{"id":27,"animationId":25,"damage":{"critical":true,"elementId":-1,"formula":"50 + a.atk * 4 - b.def * 2","type":1,"variance":20},"description":"Damages the enemy.","effects":[{"code":21,"dataId":0,"value1":1,"value2":0}],"hitType":1,"iconIndex":76,"message1":" attacks!","message2":"","mpCost":40,"name":"Sakura","note":"Flash Damage\n","occasion":1,"repeats":1,"requiredWtypeId1":0,"requiredWtypeId2":0,"scope":1,"speed":100,"stypeId":2,"successRate":100,"tpCost":0,"tpGain":10}
]